Data Instance Name,Data Type,Owner Type,Variable Type,Selector, Logical Address,Bit Position,Data Size,Array Index Start,Array Index End,Array Data Type,Array Size,Attribute
@GV.GSD_DataMem,UDINT,FCX01,M,0x01,0x1410,255,4,0,0,,0,1
@GV.GSD_Err_Amount,UINT,FCX01,M,0x01,0x3E,255,2,0,0,,0,1
@GV.GSD_Err_No,SD_FErrTab,FCX01,M,0x01,0x40,255,248,0,61,DWORD,4,1
@GV.GSD_Err_TabSize,UINT,FCX01,M,0x01,0x3C,255,2,0,0,,0,1
@GV.GSD_PlcDebug_BpSet,BOOL,FCX01,M,0x01,0x1,4,1,0,0,,0,1
@GV.GSD_PlcDebug_Force,BOOL,FCX01,M,0x01,0x2,0,1,0,0,,0,1
@GV.GSD_PlcDebug_PowerFlow,BOOL,FCX01,M,0x01,0x2,3,1,0,0,,0,1
@GV.GSD_PrgMem,UDINT,FCX01,M,0x01,0x140C,255,4,0,0,,0,1
@GV.GSD_RAS_Old,SD_FRAS_Info,FCX01,M,0x01,0x1900,255,200,0,0,,0,1
@GV.GSD_RAS_Previous,SD_FRAS_Info,FCX01,M,0x01,0x1838,255,200,0,0,,0,1
@GV.GSD_SysTickCnt,UDINT,FCX01,M,0x01,0x34,255,4,0,0,,0,1
@GV.GSD_Task_1,SD_FExtended_Task_Info,FCX01,M,0x01,0x3EC,255,42,0,0,,0,1
@GV.GSD_Task_10,SD_FExtended_Task_Info,FCX01,M,0x01,0x62C,255,42,0,0,,0,1
@GV.GSD_Task_11,SD_FExtended_Task_Info,FCX01,M,0x01,0x66C,255,42,0,0,,0,1
@GV.GSD_Task_12,SD_FExtended_Task_Info,FCX01,M,0x01,0x6AC,255,42,0,0,,0,1
@GV.GSD_Task_13,SD_FExtended_Task_Info,FCX01,M,0x01,0x6EC,255,42,0,0,,0,1
@GV.GSD_Task_14,SD_FExtended_Task_Info,FCX01,M,0x01,0x72C,255,42,0,0,,0,1
@GV.GSD_Task_15,SD_FExtended_Task_Info,FCX01,M,0x01,0x76C,255,42,0,0,,0,1
@GV.GSD_Task_16,SD_FExtended_Task_Info,FCX01,M,0x01,0x7AC,255,42,0,0,,0,1
@GV.GSD_Task_2,SD_FExtended_Task_Info,FCX01,M,0x01,0x42C,255,42,0,0,,0,1
@GV.GSD_Task_3,SD_FExtended_Task_Info,FCX01,M,0x01,0x46C,255,42,0,0,,0,1
@GV.GSD_Task_4,SD_FExtended_Task_Info,FCX01,M,0x01,0x4AC,255,42,0,0,,0,1
@GV.GSD_Task_5,SD_FExtended_Task_Info,FCX01,M,0x01,0x4EC,255,42,0,0,,0,1
@GV.GSD_Task_6,SD_FExtended_Task_Info,FCX01,M,0x01,0x52C,255,42,0,0,,0,1
@GV.GSD_Task_7,SD_FExtended_Task_Info,FCX01,M,0x01,0x56C,255,42,0,0,,0,1
@GV.GSD_Task_8,SD_FExtended_Task_Info,FCX01,M,0x01,0x5AC,255,42,0,0,,0,1
@GV.GSD_Task_9,SD_FExtended_Task_Info,FCX01,M,0x01,0x5EC,255,42,0,0,,0,1
@GV.GSD_Task_Available,INT,FCX01,M,0x01,0x3E8,255,2,0,0,,0,1
@GV.GSD_Task_Defined,INT,FCX01,M,0x01,0x3EA,255,2,0,0,,0,1
@GV.GSD_TicksPerSec,UINT,FCX01,M,0x01,0x2C,255,2,0,0,,0,1
@GV.GS_NFIO_DISCONNF,BOOL,FCX01,M,0x03,0xFA0,0,1,0,0,,0,1
@GV.GS_RAS_ACFAIL,BOOL,FCX01,M,0x01,0x1785,0,1,0,0,,0,1
@GV.GS_RAS_APC,BOOL,FCX01,M,0x01,0x1773,5,1,0,0,,0,1
@GV.GS_RAS_BootDate,UDINT,FCX01,M,0x01,0x13F4,255,4,0,0,,0,1
@GV.GS_RAS_BootName,SD_FPrjName,FCX01,M,0x01,0x13D8,255,12,0,11,BYTE,1,1
@GV.GS_RAS_CPUBATT_DETECTION,BOOL,FCX01,M,0x01,0x1825,7,1,0,0,,0,1
@GV.GS_RAS_CPUBATT_FAIL_L,BOOL,FCX01,M,0x01,0x1825,1,1,0,0,,0,1
@GV.GS_RAS_CPUBATT_FAIL_R,BOOL,FCX01,M,0x01,0x1825,0,1,0,0,,0,1
@GV.GS_RAS_CPUMASK_LEFT,BOOL,FCX01,M,0x01,0x1773,6,1,0,0,,0,1
@GV.GS_RAS_CTRL0,BOOL,FCX01,M,0x01,0x1772,2,1,0,0,,0,1
@GV.GS_RAS_CTRL1,BOOL,FCX01,M,0x01,0x1772,3,1,0,0,,0,1
@GV.GS_RAS_CpuCapacity,UINT,FCX01,M,0x01,0x1416,255,2,0,0,,0,1
@GV.GS_RAS_Current,SD_FRAS_Info,FCX01,M,0x01,0x1770,255,200,0,0,,0,1
@GV.GS_RAS_Fw_Version,SD_FVerStr,FCX01,M,0x01,0x13AC,255,32,0,31,BYTE,1,1
@GV.GS_RAS_IOStat,SD_FIO_StatInfo,FCX01,M,0x01,0x2328,255,976,0,0,,0,1
@GV.GS_RAS_PCPTIMEOUT,BOOL,FCX01,M,0x01,0x1784,6,1,0,0,,0,1
@GV.GS_RAS_PLC_Version,SD_FVerStr,FCX01,M,0x01,0x138C,255,32,0,31,BYTE,1,1
@GV.GS_RAS_PSU1_ACRDYL,BOOL,FCX01,M,0x01,0x1772,7,1,0,0,,0,1
@GV.GS_RAS_PSU1_ACRDYR,BOOL,FCX01,M,0x01,0x1772,6,1,0,0,,0,1
@GV.GS_RAS_PSU1_DCRDYL,BOOL,FCX01,M,0x01,0x1772,5,1,0,0,,0,1
@GV.GS_RAS_PSU1_DCRDYR,BOOL,FCX01,M,0x01,0x1772,4,1,0,0,,0,1
@GV.GS_RAS_PSU1_ERDYL,BOOL,FCX01,M,0x01,0x1773,1,1,0,0,,0,1
@GV.GS_RAS_PSU1_ERDYR,BOOL,FCX01,M,0x01,0x1773,0,1,0,0,,0,1
@GV.GS_RAS_PSU2_ACRDYL,BOOL,FCX01,M,0x01,0x26E9,7,1,0,0,,0,1
@GV.GS_RAS_PSU2_ACRDYR,BOOL,FCX01,M,0x01,0x26E9,3,1,0,0,,0,1
@GV.GS_RAS_PSU2_DCRDYL,BOOL,FCX01,M,0x01,0x26E9,6,1,0,0,,0,1
@GV.GS_RAS_PSU2_DCRDYR,BOOL,FCX01,M,0x01,0x26E9,2,1,0,0,,0,1
@GV.GS_RAS_PSU2_ERDYL,BOOL,FCX01,M,0x01,0x26E9,5,1,0,0,,0,1
@GV.GS_RAS_PSU2_ERDYR,BOOL,FCX01,M,0x01,0x26E9,1,1,0,0,,0,1
@GV.GS_RAS_PSU3_ACRDYL,BOOL,FCX01,M,0x01,0x26EB,7,1,0,0,,0,1
@GV.GS_RAS_PSU3_ACRDYR,BOOL,FCX01,M,0x01,0x26EB,3,1,0,0,,0,1
@GV.GS_RAS_PSU3_DCRDYL,BOOL,FCX01,M,0x01,0x26EB,6,1,0,0,,0,1
@GV.GS_RAS_PSU3_DCRDYR,BOOL,FCX01,M,0x01,0x26EB,2,1,0,0,,0,1
@GV.GS_RAS_PSU3_ERDYL,BOOL,FCX01,M,0x01,0x26EB,5,1,0,0,,0,1
@GV.GS_RAS_PSU3_ERDYR,BOOL,FCX01,M,0x01,0x26EB,1,1,0,0,,0,1
@GV.GS_RAS_PlcMode_Halt,BOOL,FCX01,M,0x01,0x0,3,1,0,0,,0,1
@GV.GS_RAS_PlcMode_On,BOOL,FCX01,M,0x01,0xBB8,0,1,0,0,,0,1
@GV.GS_RAS_PlcMode_Run,BOOL,FCX01,M,0x01,0x0,1,1,0,0,,0,1
@GV.GS_RAS_PlcMode_Stop,BOOL,FCX01,M,0x01,0x0,2,1,0,0,,0,1
@GV.GS_RAS_PrjDate,UDINT,FCX01,M,0x01,0x13F0,255,4,0,0,,0,1
@GV.GS_RAS_PrjName,SD_FPrjName,FCX01,M,0x01,0x13CC,255,12,0,11,BYTE,1,1
@GV.GS_RAS_RDY0,BOOL,FCX01,M,0x01,0x1772,0,1,0,0,,0,1
@GV.GS_RAS_RDY1,BOOL,FCX01,M,0x01,0x1772,1,1,0,0,,0,1
@GV.GS_RAS_REDCY,BOOL,FCX01,M,0x01,0x1773,4,1,0,0,,0,1
@GV.GS_RAS_RESET,BOOL,FCX01,M,0x01,0x1784,4,1,0,0,,0,1
@GV.GS_RAS_RetDataSize,UDINT,FCX01,M,0x01,0x1408,255,4,0,0,,0,1
@GV.GS_RAS_SERR,BOOL,FCX01,M,0x01,0x1784,2,1,0,0,,0,1
@GV.GS_RAS_SHUTDOWN,BOOL,FCX01,M,0x01,0x1785,1,1,0,0,,0,1
@GV.GS_RAS_SMPERR,BOOL,FCX01,M,0x01,0x1784,5,1,0,0,,0,1
@GV.GS_RAS_SOFTDOWN,BOOL,FCX01,M,0x01,0x1785,2,1,0,0,,0,1
@GV.GS_RAS_SRAM,BOOL,FCX01,M,0x01,0x1784,3,1,0,0,,0,1
@GV.GS_RAS_TEST_SRAM,BOOL,FCX01,M,0x01,0x1786,0,1,0,0,,0,1
@GV.GS_RAS_WDTIMEUP,BOOL,FCX01,M,0x01,0x1784,1,1,0,0,,0,1
@GV.GS_RAS_WDTRESTART,BOOL,FCX01,M,0x01,0x1784,0,1,0,0,,0,1
@GV.GS_RAS_ZipDate,UDINT,FCX01,M,0x01,0x13F8,255,4,0,0,,0,1
@GV.GS_RAS_ZipName,SD_FPrjName,FCX01,M,0x01,0x13E4,255,12,0,11,BYTE,1,1
@GV.GS_RETAIN_RST_PG,INT,FCX01,M,0x03,0xFAA,255,2,0,0,,0,1
@GV.GS_RETAIN_RST_SW,BOOL,FCX01,M,0x03,0xFA7,0,1,0,0,,0,1
@GV.GS_RETAIN_SV_PG,INT,FCX01,M,0x03,0xFA8,255,2,0,0,,0,1
@GV.GS_RETAIN_SV_SW,BOOL,FCX01,M,0x03,0xFA6,0,1,0,0,,0,1
@GV.VENT,DTag_O_Sts,FCX01,Q,0x00,0x40,255,8,0,0,,0,1
_SINGLE_LOOP.FIC001.ADT,TIME,NPAS_PID,M,0x00,0x8A1B92,255,4,0,0,,0,2
_SINGLE_LOOP.FIC001.AF,DWORD,NPAS_PID,M,0x00,0x8A198C,255,4,0,0,,0,3
_SINGLE_LOOP.FIC001.ALMDV.DVM_ALRM_TM,TIME,PAS_COM_ALMDV2,M,0x00,0x8A1C6A,255,4,0,0,,0,2
_SINGLE_LOOP.FIC001.ALMDV.DVP_ALRM_TM,TIME,PAS_COM_ALMDV2,M,0x00,0x8A1C66,255,4,0,0,,0,2
_SINGLE_LOOP.FIC001.ALMLMT_HHLL.HI_ALRM_TM,TIME,PAS_COM_ALMLMT2,M,0x00,0x8A1C76,255,4,0,0,,0,2
_SINGLE_LOOP.FIC001.ALMLMT_HHLL.LO_ALRM_TM,TIME,PAS_COM_ALMLMT2,M,0x00,0x8A1C7A,255,4,0,0,,0,2
_SINGLE_LOOP.FIC001.ALMLMT_PHPL.HI_ALRM_TM,TIME,PAS_COM_ALMLMT2,M,0x00,0x8A1C6E,255,4,0,0,,0,2
_SINGLE_LOOP.FIC001.ALMLMT_PHPL.LO_ALRM_TM,TIME,PAS_COM_ALMLMT2,M,0x00,0x8A1C72,255,4,0,0,,0,2
_SINGLE_LOOP.FIC001.ALRM,DWORD,NPAS_PID,M,0x00,0x8A1988,255,4,0,0,,0,3
_SINGLE_LOOP.FIC001.ALRM_MSG_STS,DWORD,NPAS_PID,M,0x00,0x8A1C4A,255,4,0,0,,0,2
_SINGLE_LOOP.FIC001.AOF,BOOL,NPAS_PID,M,0x00,0x8A1994,0,1,0,0,,0,3
_SINGLE_LOOP.FIC001.AOFS,DWORD,NPAS_PID,M,0x00,0x8A1990,255,4,0,0,,0,3
_SINGLE_LOOP.FIC001.CASV,CData_REAL,NPAS_PID,M,0x00,0x8A1A10,255,32,0,0,,0,3
_SINGLE_LOOP.FIC001.COMMENT,STRING(32),NPAS_PID,M,0x00,0x8A1C0E,255,37,0,0,,0,3
_SINGLE_LOOP.FIC001.D,TIME,NPAS_PID,M,0x00,0x8A1B3C,255,4,0,0,,0,3
_SINGLE_LOOP.FIC001.DB,REAL,NPAS_PID,M,0x00,0x8A1B44,255,4,0,0,,0,3
_SINGLE_LOOP.FIC001.DL,REAL,NPAS_PID,M,0x00,0x8A1B28,255,4,0,0,,0,3
_SINGLE_LOOP.FIC001.DMV,CData_REAL,NPAS_PID,M,0x00,0x8A1B52,255,32,0,0,,0,3
_SINGLE_LOOP.FIC001.DMV_DT,REAL,NPAS_PID,M,0x00,0x8A1C34,255,4,0,0,,0,2
_SINGLE_LOOP.FIC001.DPV,CData_REAL,NPAS_PID,M,0x00,0x8A1B72,255,32,0,0,,0,3
_SINGLE_LOOP.FIC001.DV,CData_REAL,NPAS_PID,M,0x00,0x8A1A50,255,32,0,0,,0,3
_SINGLE_LOOP.FIC001.GW,REAL,NPAS_PID,M,0x00,0x8A1B40,255,4,0,0,,0,3
_SINGLE_LOOP.FIC001.HH,REAL,NPAS_PID,M,0x00,0x8A1B10,255,4,0,0,,0,3
_SINGLE_LOOP.FIC001.I,TIME,NPAS_PID,M,0x00,0x8A1B38,255,4,0,0,,0,3
_SINGLE_LOOP.FIC001.ILCKSW,BOOL,NPAS_PID,M,0x00,0xC42BA,0,1,0,0,,0,1
_SINGLE_LOOP.FIC001.INITIAL_DT_SET,BOOL,NPAS_PID,M,0x00,0x8A1C44,0,1,0,0,,0,2
_SINGLE_LOOP.FIC001.LL,REAL,NPAS_PID,M,0x00,0x8A1B14,255,4,0,0,,0,3
_SINGLE_LOOP.FIC001.MH,REAL,NPAS_PID,M,0x00,0x8A1B2C,255,4,0,0,,0,3
_SINGLE_LOOP.FIC001.ML,REAL,NPAS_PID,M,0x00,0x8A1B30,255,4,0,0,,0,3
_SINGLE_LOOP.FIC001.MODE,DWORD,NPAS_PID,M,0x00,0x8A1984,255,4,0,0,,0,3
_SINGLE_LOOP.FIC001.MODE_PRE,DWORD,NPAS_PID,M,0x00,0x8A1C46,255,4,0,0,,0,2
_SINGLE_LOOP.FIC001.MSH,REAL,NPAS_PID,M,0x00,0x8A1C56,255,4,0,0,,0,2
_SINGLE_LOOP.FIC001.MSL,REAL,NPAS_PID,M,0x00,0x8A1C5A,255,4,0,0,,0,2
_SINGLE_LOOP.FIC001.MUNIT,IndUnit,NPAS_PID,M,0x00,0x8A1C5E,255,8,0,7,BYTE,1,2
_SINGLE_LOOP.FIC001.MV,CData_REAL,NPAS_PID,M,0x00,0x8A1A90,255,32,0,0,,0,3
_SINGLE_LOOP.FIC001.MV_PREV,REAL,NPAS_PID,M,0x00,0x8A1C38,255,4,0,0,,0,2
_SINGLE_LOOP.FIC001.MV_RAW,REAL,NPAS_PID,M,0x00,0x8A1B96,255,4,0,0,,0,2
_SINGLE_LOOP.FIC001.NPAS_PID,SD_PPOU_TYPE,NPAS_PID,M,0x00,0xC4296,255,3,1,3,BYTE,1,1
_SINGLE_LOOP.FIC001.P,REAL,NPAS_PID,M,0x00,0x8A1B34,255,4,0,0,,0,3
_SINGLE_LOOP.FIC001.PH,REAL,NPAS_PID,M,0x00,0x8A1B18,255,4,0,0,,0,3
_SINGLE_LOOP.FIC001.PL,REAL,NPAS_PID,M,0x00,0x8A1B1C,255,4,0,0,,0,3
_SINGLE_LOOP.FIC001.PV,CData_REAL,NPAS_PID,M,0x00,0x8A19B6,255,32,0,0,,0,3
_SINGLE_LOOP.FIC001.PVCAL,BOOL,NPAS_PID,M,0x00,0x8A19D6,0,1,0,0,,0,3
_SINGLE_LOOP.FIC001.PVP,REAL,NPAS_PID,M,0x00,0x8A1B24,255,4,0,0,,0,3
_SINGLE_LOOP.FIC001.RAW,CData_REAL,NPAS_PID,M,0x00,0x8A1996,255,32,0,0,,0,3
_SINGLE_LOOP.FIC001.RCASV,CData_REAL,NPAS_PID,M,0x00,0x8A1A30,255,32,0,0,,0,3
_SINGLE_LOOP.FIC001.RLV1,CData_REAL,NPAS_PID,M,0x00,0x8A1AD0,255,32,0,0,,0,3
_SINGLE_LOOP.FIC001.RLV2,CData_REAL,NPAS_PID,M,0x00,0x8A1AF0,255,32,0,0,,0,3
_SINGLE_LOOP.FIC001.RMV,CData_REAL,NPAS_PID,M,0x00,0x8A1AB0,255,32,0,0,,0,3
_SINGLE_LOOP.FIC001.RSW,BOOL,NPAS_PID,M,0x00,0x8A1B51,0,1,0,0,,0,3
_SINGLE_LOOP.FIC001.SH,REAL,NPAS_PID,M,0x00,0x8A1C4E,255,4,0,0,,0,2
_SINGLE_LOOP.FIC001.SL,REAL,NPAS_PID,M,0x00,0x8A1C52,255,4,0,0,,0,2
_SINGLE_LOOP.FIC001.SUM,SD_NPSUM_DEF,NPAS_PID,M,0x00,0x8A19D8,255,24,0,0,,0,3
_SINGLE_LOOP.FIC001.SUM_INTERNAL,LREAL,NPAS_PID,M,0x00,0x8A1C3C,255,8,0,0,,0,2
_SINGLE_LOOP.FIC001.SV,CData_REAL,NPAS_PID,M,0x00,0x8A19F0,255,32,0,0,,0,3
_SINGLE_LOOP.FIC001.TRV,CData_REAL,NPAS_PID,M,0x00,0xC429A,255,32,0,0,,0,1
_SINGLE_LOOP.FIC001.TSW,BOOL,NPAS_PID,M,0x00,0x8A1B50,0,1,0,0,,0,3
_SINGLE_LOOP.FIC001.VL,REAL,NPAS_PID,M,0x00,0x8A1B20,255,4,0,0,,0,3
_SINGLE_LOOP.FIC001.VN,CData_REAL,NPAS_PID,M,0x00,0x8A1A70,255,32,0,0,,0,3
_SINGLE_LOOP.FIC001.VNBIAS,REAL,NPAS_PID,M,0x00,0x8A1B4C,255,4,0,0,,0,3
_SINGLE_LOOP.FIC001.VNGAIN,REAL,NPAS_PID,M,0x00,0x8A1B48,255,4,0,0,,0,3
_SINGLE_LOOP.FIC001._AUT_FLBK_SW,BOOL,NPAS_PID,M,0x00,0x8A1BD4,0,1,0,0,,0,3
_SINGLE_LOOP.FIC001._CLP_ACT_SW,BOOL,NPAS_PID,M,0x00,0x8A1BDA,0,1,0,0,,0,3
_SINGLE_LOOP.FIC001._CTL_CYCLE,TIME,NPAS_PID,M,0x00,0x8A1BC2,255,4,0,0,,0,3
_SINGLE_LOOP.FIC001._CTL_DIR_SW,BOOL,NPAS_PID,M,0x00,0x8A1B9A,0,1,0,0,,0,3
_SINGLE_LOOP.FIC001._CTL_VEL_SW,BOOL,NPAS_PID,M,0x00,0x8A1BE0,0,1,0,0,,0,3
_SINGLE_LOOP.FIC001._DB_ACT_SW,BOOL,NPAS_PID,M,0x00,0x8A1BCE,0,1,0,0,,0,3
_SINGLE_LOOP.FIC001._DV_CHK_GAIN,REAL,NPAS_PID,M,0x00,0x8A1BB0,255,4,0,0,,0,3
_SINGLE_LOOP.FIC001._DV_CHK_INTVL,TIME,NPAS_PID,M,0x00,0x8A1BB4,255,4,0,0,,0,3
_SINGLE_LOOP.FIC001._GAP_ACT_SW,BOOL,NPAS_PID,M,0x00,0x8A1BC8,0,1,0,0,,0,3
_SINGLE_LOOP.FIC001._GAP_GAIN,REAL,NPAS_PID,M,0x00,0x8A1BCA,255,4,0,0,,0,3
_SINGLE_LOOP.FIC001._HYS_ALRM_DV,REAL,NPAS_PID,M,0x00,0x8A1BB8,255,4,0,0,,0,3
_SINGLE_LOOP.FIC001._HYS_ALRM_HHLL,REAL,NPAS_PID,M,0x00,0x8A1B9E,255,4,0,0,,0,3
_SINGLE_LOOP.FIC001._HYS_ALRM_HILO,REAL,NPAS_PID,M,0x00,0x8A1BA2,255,4,0,0,,0,3
_SINGLE_LOOP.FIC001._HYS_ALRM_MHML,REAL,NPAS_PID,M,0x00,0x8A1BBC,255,4,0,0,,0,3
_SINGLE_LOOP.FIC001._HYS_ALRM_VEL,REAL,NPAS_PID,M,0x00,0x8A1BAC,255,4,0,0,,0,3
_SINGLE_LOOP.FIC001._HYS_CTL_CLP,REAL,NPAS_PID,M,0x00,0x8A1BDC,255,4,0,0,,0,3
_SINGLE_LOOP.FIC001._HYS_CTL_DB,REAL,NPAS_PID,M,0x00,0x8A1BD0,255,4,0,0,,0,3
_SINGLE_LOOP.FIC001._MV_RANGE_HI,REAL,NPAS_PID,M,0x00,0x8A1BF8,255,4,0,0,,0,3
_SINGLE_LOOP.FIC001._MV_RANGE_LO,REAL,NPAS_PID,M,0x00,0x8A1BFC,255,4,0,0,,0,3
_SINGLE_LOOP.FIC001._MV_UNIT,STRING(8),NPAS_PID,M,0x00,0x8A1C00,255,13,0,0,,0,3
_SINGLE_LOOP.FIC001._MV_VEL,REAL,NPAS_PID,M,0x00,0x8A1BD6,255,4,0,0,,0,3
_SINGLE_LOOP.FIC001._MV_VEL_ACT_SW,BOOL,NPAS_PID,M,0x00,0x8A1BD5,0,1,0,0,,0,3
_SINGLE_LOOP.FIC001._PID_ALGORITHM,INT,NPAS_PID,M,0x00,0x8A1BC0,255,2,0,0,,0,3
_SINGLE_LOOP.FIC001._PVTRK_SW_AUTOP,BOOL,NPAS_PID,M,0x00,0x8A1B9C,0,1,0,0,,0,3
_SINGLE_LOOP.FIC001._PVTRK_SW_CASOP,BOOL,NPAS_PID,M,0x00,0x8A1B9D,0,1,0,0,,0,3
_SINGLE_LOOP.FIC001._PVTRK_SW_MAN,BOOL,NPAS_PID,M,0x00,0x8A1B9B,0,1,0,0,,0,3
_SINGLE_LOOP.FIC001._SMPL_INTVL,TIME,NPAS_PID,M,0x00,0x8A1BA8,255,4,0,0,,0,3
_SINGLE_LOOP.FIC001._SMPL_NUM,INT,NPAS_PID,M,0x00,0x8A1BA6,255,2,0,0,,0,3
_SINGLE_LOOP.FIC001._SUM_LOW_CUT,REAL,NPAS_PID,M,0x00,0x8A1BE4,255,4,0,0,,0,3
_SINGLE_LOOP.FIC001._SUM_PV_DP,INT,NPAS_PID,M,0x00,0x8A1BE8,255,2,0,0,,0,3
_SINGLE_LOOP.FIC001._SUM_SW,INT,NPAS_PID,M,0x00,0x8A1BE2,255,2,0,0,,0,3
_SINGLE_LOOP.FIC001._SUM_UNIT,STRING(8),NPAS_PID,M,0x00,0x8A1BEA,255,13,0,0,,0,3
_SINGLE_LOOP.FIC001._VN_ACT_SW,INT,NPAS_PID,M,0x00,0x8A1BC6,255,2,0,0,,0,3
_SINGLE_LOOP.FIC001_MODE,BOOL,SINGLE_LOOP,M,0x00,0xC5AA2,0,1,0,0,,0,1
_SINGLE_LOOP.FIC001_PRM,SD_NPPRM_PID,SINGLE_LOOP,M,0x00,0xC587E,255,534,0,0,,0,1
_SINGLE_LOOP.Setpoint,REAL,SINGLE_LOOP,M,0x00,0xC5A96,255,4,0,0,,0,1
_SINGLE_LOOP.VENTILADOR,BOOL,SINGLE_LOOP,M,0x00,0xC5AA4,0,1,0,0,,0,1
_SINGLE_LOOP.Variavel_D,TIME,SINGLE_LOOP,M,0x00,0xC5AAE,255,4,0,0,,0,1
_SINGLE_LOOP.Variavel_I,TIME,SINGLE_LOOP,M,0x00,0xC5AAA,255,4,0,0,,0,1
_SINGLE_LOOP.Variavel_Manipulada,REAL,SINGLE_LOOP,M,0x00,0xC5A9E,255,4,0,0,,0,1
_SINGLE_LOOP.Variavel_P,REAL,SINGLE_LOOP,M,0x00,0xC5AA6,255,4,0,0,,0,1
_SINGLE_LOOP.Variavel_Processo,REAL,SINGLE_LOOP,M,0x00,0xC5A9A,255,4,0,0,,0,1
