_SINGLE_LOOP.FIC001.MODE,%MD 9050500.0,DWORD,NPAS_PID,0x008A1984 0 M,4,19,0,0,0,0,0,0
_SINGLE_LOOP.FIC001.ALRM,%MD 9050504.0,DWORD,NPAS_PID,0x008A1988 0 M,4,19,0,0,0,0,0,0
_SINGLE_LOOP.FIC001.AF,%MD 9050508.0,DWORD,NPAS_PID,0x008A198C 0 M,4,19,0,0,0,0,0,0
_SINGLE_LOOP.FIC001.AOFS,%MD 9050512.0,DWORD,NPAS_PID,0x008A1990 0 M,4,19,0,0,0,0,0,0
_SINGLE_LOOP.FIC001.AOF,%MX 9050516.0,BOOL,NPAS_PID,0x008A1994 1 M,1,1,0,0,0,0,0,0
_SINGLE_LOOP.FIC001.RAW,%MB 9050518.0,CData_REAL,NPAS_PID,0x008A1996 0 M,32,1067,0,0,0,0,0,0
_SINGLE_LOOP.FIC001.PV,%MB 9050550.0,CData_REAL,NPAS_PID,0x008A19B6 0 M,32,1067,0,0,0,0,0,0
_SINGLE_LOOP.FIC001.PVCAL,%MX 9050582.0,BOOL,NPAS_PID,0x008A19D6 1 M,1,1,0,0,0,0,0,0
_SINGLE_LOOP.FIC001.SUM,%MB 9050584.0,SD_NPSUM_DEF,NPAS_PID,0x008A19D8 0 M,24,1072,0,0,0,0,0,0
_SINGLE_LOOP.FIC001.SV,%MB 9050608.0,CData_REAL,NPAS_PID,0x008A19F0 0 M,32,1067,0,0,0,0,0,0
_SINGLE_LOOP.FIC001.CASV,%MB 9050640.0,CData_REAL,NPAS_PID,0x008A1A10 0 M,32,1067,0,0,0,0,0,0
_SINGLE_LOOP.FIC001.RCASV,%MB 9050672.0,CData_REAL,NPAS_PID,0x008A1A30 0 M,32,1067,0,0,0,0,0,0
_SINGLE_LOOP.FIC001.DV,%MB 9050704.0,CData_REAL,NPAS_PID,0x008A1A50 0 M,32,1067,0,0,0,0,0,0
_SINGLE_LOOP.FIC001.VN,%MB 9050736.0,CData_REAL,NPAS_PID,0x008A1A70 0 M,32,1067,0,0,0,0,0,0
_SINGLE_LOOP.FIC001.MV,%MB 9050768.0,CData_REAL,NPAS_PID,0x008A1A90 0 M,32,1067,0,0,0,0,0,0
_SINGLE_LOOP.FIC001.RMV,%MB 9050800.0,CData_REAL,NPAS_PID,0x008A1AB0 0 M,32,1067,0,0,0,0,0,0
_SINGLE_LOOP.FIC001.RLV1,%MB 9050832.0,CData_REAL,NPAS_PID,0x008A1AD0 0 M,32,1067,0,0,0,0,0,0
_SINGLE_LOOP.FIC001.RLV2,%MB 9050864.0,CData_REAL,NPAS_PID,0x008A1AF0 0 M,32,1067,0,0,0,0,0,0
_SINGLE_LOOP.FIC001.HH,%MR 9050896.0,REAL,NPAS_PID,0x008A1B10 0 M,4,10,0,0,0,0,0,0
_SINGLE_LOOP.FIC001.LL,%MR 9050900.0,REAL,NPAS_PID,0x008A1B14 0 M,4,10,0,0,0,0,0,0
_SINGLE_LOOP.FIC001.PH,%MR 9050904.0,REAL,NPAS_PID,0x008A1B18 0 M,4,10,0,0,0,0,0,0
_SINGLE_LOOP.FIC001.PL,%MR 9050908.0,REAL,NPAS_PID,0x008A1B1C 0 M,4,10,0,0,0,0,0,0
_SINGLE_LOOP.FIC001.VL,%MR 9050912.0,REAL,NPAS_PID,0x008A1B20 0 M,4,10,0,0,0,0,0,0
_SINGLE_LOOP.FIC001.PVP,%MR 9050916.0,REAL,NPAS_PID,0x008A1B24 0 M,4,10,0,0,0,0,0,0
_SINGLE_LOOP.FIC001.DL,%MR 9050920.0,REAL,NPAS_PID,0x008A1B28 0 M,4,10,0,0,0,0,0,0
_SINGLE_LOOP.FIC001.MH,%MR 9050924.0,REAL,NPAS_PID,0x008A1B2C 0 M,4,10,0,0,0,0,0,0
_SINGLE_LOOP.FIC001.ML,%MR 9050928.0,REAL,NPAS_PID,0x008A1B30 0 M,4,10,0,0,0,0,0,0
_SINGLE_LOOP.FIC001.P,%MR 9050932.0,REAL,NPAS_PID,0x008A1B34 0 M,4,10,0,0,0,0,0,0
_SINGLE_LOOP.FIC001.I,%MD 9050936.0,TIME,NPAS_PID,0x008A1B38 0 M,4,12,0,0,0,0,0,0
_SINGLE_LOOP.FIC001.D,%MD 9050940.0,TIME,NPAS_PID,0x008A1B3C 0 M,4,12,0,0,0,0,0,0
_SINGLE_LOOP.FIC001.GW,%MR 9050944.0,REAL,NPAS_PID,0x008A1B40 0 M,4,10,0,0,0,0,0,0
_SINGLE_LOOP.FIC001.DB,%MR 9050948.0,REAL,NPAS_PID,0x008A1B44 0 M,4,10,0,0,0,0,0,0
_SINGLE_LOOP.FIC001.VNGAIN,%MR 9050952.0,REAL,NPAS_PID,0x008A1B48 0 M,4,10,0,0,0,0,0,0
_SINGLE_LOOP.FIC001.VNBIAS,%MR 9050956.0,REAL,NPAS_PID,0x008A1B4C 0 M,4,10,0,0,0,0,0,0
_SINGLE_LOOP.FIC001.TSW,%MX 9050960.0,BOOL,NPAS_PID,0x008A1B50 1 M,1,1,0,0,0,0,0,0
_SINGLE_LOOP.FIC001.RSW,%MX 9050961.0,BOOL,NPAS_PID,0x008A1B51 1 M,1,1,0,0,0,0,0,0
_SINGLE_LOOP.FIC001.DMV,%MB 9050962.0,CData_REAL,NPAS_PID,0x008A1B52 0 M,32,1067,0,0,0,0,0,0
_SINGLE_LOOP.FIC001.DPV,%MB 9050994.0,CData_REAL,NPAS_PID,0x008A1B72 0 M,32,1067,0,0,0,0,0,0
_SINGLE_LOOP.FIC001.ADT,%MD 9051026.0,TIME,NPAS_PID,0x008A1B92 0 M,4,12,0,0,0,0,0,0
_SINGLE_LOOP.FIC001.MV_RAW,%MR 9051030.0,REAL,NPAS_PID,0x008A1B96 0 M,4,10,0,0,0,0,0,0
_SINGLE_LOOP.FIC001._CTL_DIR_SW,%MX 9051034.0,BOOL,NPAS_PID,0x008A1B9A 1 M,1,1,0,0,0,0,0,0
_SINGLE_LOOP.FIC001._PVTRK_SW_MAN,%MX 9051035.0,BOOL,NPAS_PID,0x008A1B9B 1 M,1,1,0,0,0,0,0,0
_SINGLE_LOOP.FIC001._PVTRK_SW_AUTOP,%MX 9051036.0,BOOL,NPAS_PID,0x008A1B9C 1 M,1,1,0,0,0,0,0,0
_SINGLE_LOOP.FIC001._PVTRK_SW_CASOP,%MX 9051037.0,BOOL,NPAS_PID,0x008A1B9D 1 M,1,1,0,0,0,0,0,0
_SINGLE_LOOP.FIC001._HYS_ALRM_HHLL,%MR 9051038.0,REAL,NPAS_PID,0x008A1B9E 0 M,4,10,0,0,0,0,0,0
_SINGLE_LOOP.FIC001._HYS_ALRM_HILO,%MR 9051042.0,REAL,NPAS_PID,0x008A1BA2 0 M,4,10,0,0,0,0,0,0
_SINGLE_LOOP.FIC001._SMPL_NUM,%MW 9051046.0,INT,NPAS_PID,0x008A1BA6 0 M,2,3,0,0,0,0,0,0
_SINGLE_LOOP.FIC001._SMPL_INTVL,%MD 9051048.0,TIME,NPAS_PID,0x008A1BA8 0 M,4,12,0,0,0,0,0,0
_SINGLE_LOOP.FIC001._HYS_ALRM_VEL,%MR 9051052.0,REAL,NPAS_PID,0x008A1BAC 0 M,4,10,0,0,0,0,0,0
_SINGLE_LOOP.FIC001._DV_CHK_GAIN,%MR 9051056.0,REAL,NPAS_PID,0x008A1BB0 0 M,4,10,0,0,0,0,0,0
_SINGLE_LOOP.FIC001._DV_CHK_INTVL,%MD 9051060.0,TIME,NPAS_PID,0x008A1BB4 0 M,4,12,0,0,0,0,0,0
_SINGLE_LOOP.FIC001._HYS_ALRM_DV,%MR 9051064.0,REAL,NPAS_PID,0x008A1BB8 0 M,4,10,0,0,0,0,0,0
_SINGLE_LOOP.FIC001._HYS_ALRM_MHML,%MR 9051068.0,REAL,NPAS_PID,0x008A1BBC 0 M,4,10,0,0,0,0,0,0
_SINGLE_LOOP.FIC001._PID_ALGORITHM,%MW 9051072.0,INT,NPAS_PID,0x008A1BC0 0 M,2,3,0,0,0,0,0,0
_SINGLE_LOOP.FIC001._CTL_CYCLE,%MD 9051074.0,TIME,NPAS_PID,0x008A1BC2 0 M,4,12,0,0,0,0,0,0
_SINGLE_LOOP.FIC001._VN_ACT_SW,%MW 9051078.0,INT,NPAS_PID,0x008A1BC6 0 M,2,3,0,0,0,0,0,0
_SINGLE_LOOP.FIC001._GAP_ACT_SW,%MX 9051080.0,BOOL,NPAS_PID,0x008A1BC8 1 M,1,1,0,0,0,0,0,0
_SINGLE_LOOP.FIC001._GAP_GAIN,%MR 9051082.0,REAL,NPAS_PID,0x008A1BCA 0 M,4,10,0,0,0,0,0,0
_SINGLE_LOOP.FIC001._DB_ACT_SW,%MX 9051086.0,BOOL,NPAS_PID,0x008A1BCE 1 M,1,1,0,0,0,0,0,0
_SINGLE_LOOP.FIC001._HYS_CTL_DB,%MR 9051088.0,REAL,NPAS_PID,0x008A1BD0 0 M,4,10,0,0,0,0,0,0
_SINGLE_LOOP.FIC001._AUT_FLBK_SW,%MX 9051092.0,BOOL,NPAS_PID,0x008A1BD4 1 M,1,1,0,0,0,0,0,0
_SINGLE_LOOP.FIC001._MV_VEL_ACT_SW,%MX 9051093.0,BOOL,NPAS_PID,0x008A1BD5 1 M,1,1,0,0,0,0,0,0
_SINGLE_LOOP.FIC001._MV_VEL,%MR 9051094.0,REAL,NPAS_PID,0x008A1BD6 0 M,4,10,0,0,0,0,0,0
_SINGLE_LOOP.FIC001._CLP_ACT_SW,%MX 9051098.0,BOOL,NPAS_PID,0x008A1BDA 1 M,1,1,0,0,0,0,0,0
_SINGLE_LOOP.FIC001._HYS_CTL_CLP,%MR 9051100.0,REAL,NPAS_PID,0x008A1BDC 0 M,4,10,0,0,0,0,0,0
_SINGLE_LOOP.FIC001._CTL_VEL_SW,%MX 9051104.0,BOOL,NPAS_PID,0x008A1BE0 1 M,1,1,0,0,0,0,0,0
_SINGLE_LOOP.FIC001._SUM_SW,%MW 9051106.0,INT,NPAS_PID,0x008A1BE2 0 M,2,3,0,0,0,0,0,0
_SINGLE_LOOP.FIC001._SUM_LOW_CUT,%MR 9051108.0,REAL,NPAS_PID,0x008A1BE4 0 M,4,10,0,0,0,0,0,0
_SINGLE_LOOP.FIC001._SUM_PV_DP,%MW 9051112.0,INT,NPAS_PID,0x008A1BE8 0 M,2,3,0,0,0,0,0,0
_SINGLE_LOOP.FIC001._SUM_UNIT,%MB 9051114.0,STRING(8),NPAS_PID,0x008A1BEA 0 M,13,16,0,0,0,0,0,0
_SINGLE_LOOP.FIC001._MV_RANGE_HI,%MR 9051128.0,REAL,NPAS_PID,0x008A1BF8 0 M,4,10,0,0,0,0,0,0
_SINGLE_LOOP.FIC001._MV_RANGE_LO,%MR 9051132.0,REAL,NPAS_PID,0x008A1BFC 0 M,4,10,0,0,0,0,0,0
_SINGLE_LOOP.FIC001._MV_UNIT,%MB 9051136.0,STRING(8),NPAS_PID,0x008A1C00 0 M,13,16,0,0,0,0,0,0
_SINGLE_LOOP.FIC001.COMMENT,%MB 9051150.0,STRING(32),NPAS_PID,0x008A1C0E 0 M,37,16,0,0,0,0,0,0
_SINGLE_LOOP.FIC001.DMV_DT,%MR 9051188.0,REAL,NPAS_PID,0x008A1C34 0 M,4,10,0,0,0,0,0,0
_SINGLE_LOOP.FIC001.MV_PREV,%MR 9051192.0,REAL,NPAS_PID,0x008A1C38 0 M,4,10,0,0,0,0,0,0
_SINGLE_LOOP.FIC001.SUM_INTERNAL,%MF 9051196.0,LREAL,NPAS_PID,0x008A1C3C 0 M,8,11,0,0,0,0,0,0
_SINGLE_LOOP.FIC001.INITIAL_DT_SET,%MX 9051204.0,BOOL,NPAS_PID,0x008A1C44 1 M,1,1,0,0,0,0,0,0
_SINGLE_LOOP.FIC001.MODE_PRE,%MD 9051206.0,DWORD,NPAS_PID,0x008A1C46 0 M,4,19,0,0,0,0,0,0
_SINGLE_LOOP.FIC001.ALRM_MSG_STS,%MD 9051210.0,DWORD,NPAS_PID,0x008A1C4A 0 M,4,19,0,0,0,0,0,0
_SINGLE_LOOP.FIC001.SH,%MR 9051214.0,REAL,NPAS_PID,0x008A1C4E 0 M,4,10,0,0,0,0,0,0
_SINGLE_LOOP.FIC001.SL,%MR 9051218.0,REAL,NPAS_PID,0x008A1C52 0 M,4,10,0,0,0,0,0,0
_SINGLE_LOOP.FIC001.MSH,%MR 9051222.0,REAL,NPAS_PID,0x008A1C56 0 M,4,10,0,0,0,0,0,0
_SINGLE_LOOP.FIC001.MSL,%MR 9051226.0,REAL,NPAS_PID,0x008A1C5A 0 M,4,10,0,0,0,0,0,0
_SINGLE_LOOP.FIC001.MUNIT,%MB 9051230.0,IndUnit,NPAS_PID,0x008A1C5E 0 M,8,1024,1,0,7,BYTE,1,17
_SINGLE_LOOP.FIC001.ALMDV.DVP_ALRM_TM,%MD 9051238.0,TIME,PAS_COM_ALMDV2,0x008A1C66 0 M,4,12,0,0,0,0,0,0
_SINGLE_LOOP.FIC001.ALMDV.DVM_ALRM_TM,%MD 9051242.0,TIME,PAS_COM_ALMDV2,0x008A1C6A 0 M,4,12,0,0,0,0,0,0
_SINGLE_LOOP.FIC001.ALMLMT_PHPL.HI_ALRM_TM,%MD 9051246.0,TIME,PAS_COM_ALMLMT2,0x008A1C6E 0 M,4,12,0,0,0,0,0,0
_SINGLE_LOOP.FIC001.ALMLMT_PHPL.LO_ALRM_TM,%MD 9051250.0,TIME,PAS_COM_ALMLMT2,0x008A1C72 0 M,4,12,0,0,0,0,0,0
_SINGLE_LOOP.FIC001.ALMLMT_HHLL.HI_ALRM_TM,%MD 9051254.0,TIME,PAS_COM_ALMLMT2,0x008A1C76 0 M,4,12,0,0,0,0,0,0
_SINGLE_LOOP.FIC001.ALMLMT_HHLL.LO_ALRM_TM,%MD 9051258.0,TIME,PAS_COM_ALMLMT2,0x008A1C7A 0 M,4,12,0,0,0,0,0,0
