<?xml version="1.0" encoding="SHIFT_JIS"?>
<SOFT_WIRE>
	<POU_INFO>
		<CONFIG_NAME>Configuration</CONFIG_NAME><RESOURCE_NAME>FCX01</RESOURCE_NAME><POU_NAME>FCX01_WIRE</POU_NAME></POU_INFO>
	<LOGIC_INFO>
		<LOGIC><DEVTAG_DST1>AI001</DEVTAG_DST1><DEVTAG_DST2></DEVTAG_DST2><COMMENT></COMMENT><WIRE_LOGIC></WIRE_LOGIC><DEVTAG_SRC1></DEVTAG_SRC1><DEVTAG_SRC2></DEVTAG_SRC2><UPTIME></UPTIME><DOWNTIME></DOWNTIME><DIRREV></DIRREV><GAIN></GAIN><BIAS></BIAS><DELAY></DELAY><SMPLNUM></SMPLNUM><SMPLTP></SMPLTP><PARAM1></PARAM1><PARAM2></PARAM2><PARAM3></PARAM3></LOGIC><LOGIC><DEVTAG_DST1>AI001</DEVTAG_DST1><DEVTAG_DST2></DEVTAG_DST2><COMMENT></COMMENT><WIRE_LOGIC>SD_WIRE_DTANLG_ANLG</WIRE_LOGIC><DEVTAG_SRC1>AO001</DEVTAG_SRC1><DEVTAG_SRC2></DEVTAG_SRC2><UPTIME></UPTIME><DOWNTIME></DOWNTIME><DIRREV>TRUE</DIRREV><GAIN>1.0</GAIN><BIAS>0.0</BIAS><DELAY>t#5s</DELAY><SMPLNUM>1</SMPLNUM><SMPLTP>t#1s</SMPLTP><PARAM1></PARAM1><PARAM2></PARAM2><PARAM3></PARAM3></LOGIC></LOGIC_INFO>
</SOFT_WIRE>
