@GV.GS_NFIO_DISCONNF,%SFX 4000.0,BOOL,FCX01,0x03000FA0 1 M,1,1,0,0,0,0,0,0
@GV.GS_RETAIN_SV_SW,%SFX 4006.0,BOOL,FCX01,0x03000FA6 1 M,1,1,0,0,0,0,0,0
@GV.GS_RETAIN_RST_SW,%SFX 4007.0,BOOL,FCX01,0x03000FA7 1 M,1,1,0,0,0,0,0,0
@GV.GS_RETAIN_SV_PG,%SFW 4008,INT,FCX01,0x03000FA8 0 M,2,3,0,0,0,0,0,0
@GV.GS_RETAIN_RST_PG,%SFW 4010,INT,FCX01,0x03000FAA 0 M,2,3,0,0,0,0,0,0
@GV.GS_RAS_PlcMode_On,%SRX 3000.0,BOOL,FCX01,0x01000BB8 1 M,1,1,0,0,0,0,0,0
@GV.GS_RAS_PlcMode_Run,%SRX 0.1,BOOL,FCX01,0x01000000 2 M,1,1,0,0,0,0,0,0
@GV.GS_RAS_PlcMode_Stop,%SRX 0.2,BOOL,FCX01,0x01000000 3 M,1,1,0,0,0,0,0,0
@GV.GS_RAS_PlcMode_Halt,%SRX 0.3,BOOL,FCX01,0x01000000 4 M,1,1,0,0,0,0,0,0
@GV.GSD_PlcDebug_BpSet,%SRX 1.4,BOOL,FCX01,0x01000001 5 M,1,1,0,0,0,0,0,0
@GV.GSD_PlcDebug_Force,%SRX 2.0,BOOL,FCX01,0x01000002 1 M,1,1,0,0,0,0,0,0
@GV.GSD_PlcDebug_PowerFlow,%SRX 2.3,BOOL,FCX01,0x01000002 4 M,1,1,0,0,0,0,0,0
@GV.GSD_TicksPerSec,%SRW 44,UINT,FCX01,0x0100002C 0 M,2,7,0,0,0,0,0,0
@GV.GSD_SysTickCnt,%SRD 52,UDINT,FCX01,0x01000034 0 M,4,8,0,0,0,0,0,0
@GV.GSD_Err_TabSize,%SRW 60,UINT,FCX01,0x0100003C 0 M,2,7,0,0,0,0,0,0
@GV.GSD_Err_Amount,%SRW 62,UINT,FCX01,0x0100003E 0 M,2,7,0,0,0,0,0,0
@GV.GSD_Err_No,%SRB 64,SD_FErrTab,FCX01,0x01000040 0 M,248,1051,1,0,61,DWORD,4,19
@GV.GSD_Task_Available,%SRW 1000,INT,FCX01,0x010003E8 0 M,2,3,0,0,0,0,0,0
@GV.GSD_Task_Defined,%SRW 1002,INT,FCX01,0x010003EA 0 M,2,3,0,0,0,0,0,0
@GV.GSD_Task_1,%SRB 1004,SD_FExtended_Task_Info,FCX01,0x010003EC 0 M,42,1053,0,0,0,0,0,0
@GV.GSD_Task_2,%SRB 1068,SD_FExtended_Task_Info,FCX01,0x0100042C 0 M,42,1053,0,0,0,0,0,0
@GV.GSD_Task_3,%SRB 1132,SD_FExtended_Task_Info,FCX01,0x0100046C 0 M,42,1053,0,0,0,0,0,0
@GV.GSD_Task_4,%SRB 1196,SD_FExtended_Task_Info,FCX01,0x010004AC 0 M,42,1053,0,0,0,0,0,0
@GV.GSD_Task_5,%SRB 1260,SD_FExtended_Task_Info,FCX01,0x010004EC 0 M,42,1053,0,0,0,0,0,0
@GV.GSD_Task_6,%SRB 1324,SD_FExtended_Task_Info,FCX01,0x0100052C 0 M,42,1053,0,0,0,0,0,0
@GV.GSD_Task_7,%SRB 1388,SD_FExtended_Task_Info,FCX01,0x0100056C 0 M,42,1053,0,0,0,0,0,0
@GV.GSD_Task_8,%SRB 1452,SD_FExtended_Task_Info,FCX01,0x010005AC 0 M,42,1053,0,0,0,0,0,0
@GV.GSD_Task_9,%SRB 1516,SD_FExtended_Task_Info,FCX01,0x010005EC 0 M,42,1053,0,0,0,0,0,0
@GV.GSD_Task_10,%SRB 1580,SD_FExtended_Task_Info,FCX01,0x0100062C 0 M,42,1053,0,0,0,0,0,0
@GV.GSD_Task_11,%SRB 1644,SD_FExtended_Task_Info,FCX01,0x0100066C 0 M,42,1053,0,0,0,0,0,0
@GV.GSD_Task_12,%SRB 1708,SD_FExtended_Task_Info,FCX01,0x010006AC 0 M,42,1053,0,0,0,0,0,0
@GV.GSD_Task_13,%SRB 1772,SD_FExtended_Task_Info,FCX01,0x010006EC 0 M,42,1053,0,0,0,0,0,0
@GV.GSD_Task_14,%SRB 1836,SD_FExtended_Task_Info,FCX01,0x0100072C 0 M,42,1053,0,0,0,0,0,0
@GV.GSD_Task_15,%SRB 1900,SD_FExtended_Task_Info,FCX01,0x0100076C 0 M,42,1053,0,0,0,0,0,0
@GV.GSD_Task_16,%SRB 1964,SD_FExtended_Task_Info,FCX01,0x010007AC 0 M,42,1053,0,0,0,0,0,0
@GV.GS_RAS_PLC_Version,%SRB 5004,SD_FVerStr,FCX01,0x0100138C 0 M,32,1054,1,0,31,BYTE,1,17
@GV.GS_RAS_Fw_Version,%SRB 5036,SD_FVerStr,FCX01,0x010013AC 0 M,32,1054,1,0,31,BYTE,1,17
@GV.GS_RAS_PrjName,%SRB 5068,SD_FPrjName,FCX01,0x010013CC 0 M,12,1055,1,0,11,BYTE,1,17
@GV.GS_RAS_BootName,%SRB 5080,SD_FPrjName,FCX01,0x010013D8 0 M,12,1055,1,0,11,BYTE,1,17
@GV.GS_RAS_ZipName,%SRB 5092,SD_FPrjName,FCX01,0x010013E4 0 M,12,1055,1,0,11,BYTE,1,17
@GV.GS_RAS_PrjDate,%SRD 5104,UDINT,FCX01,0x010013F0 0 M,4,8,0,0,0,0,0,0
@GV.GS_RAS_BootDate,%SRD 5108,UDINT,FCX01,0x010013F4 0 M,4,8,0,0,0,0,0,0
@GV.GS_RAS_ZipDate,%SRD 5112,UDINT,FCX01,0x010013F8 0 M,4,8,0,0,0,0,0,0
@GV.GS_RAS_RetDataSize,%SRD 5128,UDINT,FCX01,0x01001408 0 M,4,8,0,0,0,0,0,0
@GV.GSD_PrgMem,%SRD 5132,UDINT,FCX01,0x0100140C 0 M,4,8,0,0,0,0,0,0
@GV.GSD_DataMem,%SRD 5136,UDINT,FCX01,0x01001410 0 M,4,8,0,0,0,0,0,0
@GV.GS_RAS_CpuCapacity,%SRW 5142,UINT,FCX01,0x01001416 0 M,2,7,0,0,0,0,0,0
@GV.GS_RAS_RDY0,%SRX 6002.0,BOOL,FCX01,0x01001772 1 M,1,1,0,0,0,0,0,0
@GV.GS_RAS_RDY1,%SRX 6002.1,BOOL,FCX01,0x01001772 2 M,1,1,0,0,0,0,0,0
@GV.GS_RAS_CTRL0,%SRX 6002.2,BOOL,FCX01,0x01001772 3 M,1,1,0,0,0,0,0,0
@GV.GS_RAS_CTRL1,%SRX 6002.3,BOOL,FCX01,0x01001772 4 M,1,1,0,0,0,0,0,0
@GV.GS_RAS_REDCY,%SRX 6003.4,BOOL,FCX01,0x01001773 5 M,1,1,0,0,0,0,0,0
@GV.GS_RAS_APC,%SRX 6003.5,BOOL,FCX01,0x01001773 6 M,1,1,0,0,0,0,0,0
@GV.GS_RAS_CPUMASK_LEFT,%SRX 6003.6,BOOL,FCX01,0x01001773 7 M,1,1,0,0,0,0,0,0
@GV.GS_RAS_TEST_SRAM,%SRX 6022.0,BOOL,FCX01,0x01001786 1 M,1,1,0,0,0,0,0,0
@GV.GS_RAS_SOFTDOWN,%SRX 6021.2,BOOL,FCX01,0x01001785 3 M,1,1,0,0,0,0,0,0
@GV.GS_RAS_SHUTDOWN,%SRX 6021.1,BOOL,FCX01,0x01001785 2 M,1,1,0,0,0,0,0,0
@GV.GS_RAS_ACFAIL,%SRX 6021.0,BOOL,FCX01,0x01001785 1 M,1,1,0,0,0,0,0,0
@GV.GS_RAS_PCPTIMEOUT,%SRX 6020.6,BOOL,FCX01,0x01001784 7 M,1,1,0,0,0,0,0,0
@GV.GS_RAS_SMPERR,%SRX 6020.5,BOOL,FCX01,0x01001784 6 M,1,1,0,0,0,0,0,0
@GV.GS_RAS_RESET,%SRX 6020.4,BOOL,FCX01,0x01001784 5 M,1,1,0,0,0,0,0,0
@GV.GS_RAS_SRAM,%SRX 6020.3,BOOL,FCX01,0x01001784 4 M,1,1,0,0,0,0,0,0
@GV.GS_RAS_SERR,%SRX 6020.2,BOOL,FCX01,0x01001784 3 M,1,1,0,0,0,0,0,0
@GV.GS_RAS_WDTIMEUP,%SRX 6020.1,BOOL,FCX01,0x01001784 2 M,1,1,0,0,0,0,0,0
@GV.GS_RAS_WDTRESTART,%SRX 6020.0,BOOL,FCX01,0x01001784 1 M,1,1,0,0,0,0,0,0
@GV.GS_RAS_PSU1_DCRDYR,%SRX 6002.4,BOOL,FCX01,0x01001772 5 M,1,1,0,0,0,0,0,0
@GV.GS_RAS_PSU1_DCRDYL,%SRX 6002.5,BOOL,FCX01,0x01001772 6 M,1,1,0,0,0,0,0,0
@GV.GS_RAS_PSU1_ACRDYR,%SRX 6002.6,BOOL,FCX01,0x01001772 7 M,1,1,0,0,0,0,0,0
@GV.GS_RAS_PSU1_ACRDYL,%SRX 6002.7,BOOL,FCX01,0x01001772 8 M,1,1,0,0,0,0,0,0
@GV.GS_RAS_PSU1_ERDYR,%SRX 6003.0,BOOL,FCX01,0x01001773 1 M,1,1,0,0,0,0,0,0
@GV.GS_RAS_PSU1_ERDYL,%SRX 6003.1,BOOL,FCX01,0x01001773 2 M,1,1,0,0,0,0,0,0
@GV.GS_RAS_PSU2_ACRDYL,%SRX 9961.7,BOOL,FCX01,0x010026E9 8 M,1,1,0,0,0,0,0,0
@GV.GS_RAS_PSU2_DCRDYL,%SRX 9961.6,BOOL,FCX01,0x010026E9 7 M,1,1,0,0,0,0,0,0
@GV.GS_RAS_PSU2_ERDYL,%SRX 9961.5,BOOL,FCX01,0x010026E9 6 M,1,1,0,0,0,0,0,0
@GV.GS_RAS_PSU2_ACRDYR,%SRX 9961.3,BOOL,FCX01,0x010026E9 4 M,1,1,0,0,0,0,0,0
@GV.GS_RAS_PSU2_DCRDYR,%SRX 9961.2,BOOL,FCX01,0x010026E9 3 M,1,1,0,0,0,0,0,0
@GV.GS_RAS_PSU2_ERDYR,%SRX 9961.1,BOOL,FCX01,0x010026E9 2 M,1,1,0,0,0,0,0,0
@GV.GS_RAS_PSU3_ACRDYL,%SRX 9963.7,BOOL,FCX01,0x010026EB 8 M,1,1,0,0,0,0,0,0
@GV.GS_RAS_PSU3_DCRDYL,%SRX 9963.6,BOOL,FCX01,0x010026EB 7 M,1,1,0,0,0,0,0,0
@GV.GS_RAS_PSU3_ERDYL,%SRX 9963.5,BOOL,FCX01,0x010026EB 6 M,1,1,0,0,0,0,0,0
@GV.GS_RAS_PSU3_ACRDYR,%SRX 9963.3,BOOL,FCX01,0x010026EB 4 M,1,1,0,0,0,0,0,0
@GV.GS_RAS_PSU3_DCRDYR,%SRX 9963.2,BOOL,FCX01,0x010026EB 3 M,1,1,0,0,0,0,0,0
@GV.GS_RAS_PSU3_ERDYR,%SRX 9963.1,BOOL,FCX01,0x010026EB 2 M,1,1,0,0,0,0,0,0
@GV.GS_RAS_CPUBATT_FAIL_L,%SRX 6181.1,BOOL,FCX01,0x01001825 2 M,1,1,0,0,0,0,0,0
@GV.GS_RAS_CPUBATT_FAIL_R,%SRX 6181.0,BOOL,FCX01,0x01001825 1 M,1,1,0,0,0,0,0,0
@GV.GS_RAS_CPUBATT_DETECTION,%SRX 6181.7,BOOL,FCX01,0x01001825 8 M,1,1,0,0,0,0,0,0
@GV.GS_RAS_Current,%SRB 6000,SD_FRAS_Info,FCX01,0x01001770 0 M,200,1062,0,0,0,0,0,0
@GV.GSD_RAS_Previous,%SRB 6200,SD_FRAS_Info,FCX01,0x01001838 0 M,200,1062,0,0,0,0,0,0
@GV.GSD_RAS_Old,%SRB 6400,SD_FRAS_Info,FCX01,0x01001900 0 M,200,1062,0,0,0,0,0,0
@GV.GS_RAS_IOStat,%SRB 9000,SD_FIO_StatInfo,FCX01,0x01002328 0 M,976,1066,0,0,0,0,0,0
@GV.VENT,%QB 64,DTag_O_Sts,FCX01,0x00000040 0 Q,8,1032,0,0,0,0,0,0
_SINGLE_LOOP.FIC001_PRM,%MB 809086.0,SD_NPPRM_PID,SINGLE_LOOP,0x000C587E 0 M,534,1098,0,0,0,0,0,0
_SINGLE_LOOP.Setpoint,%MR 809622.0,REAL,SINGLE_LOOP,0x000C5A96 0 M,4,10,0,0,0,0,0,0
_SINGLE_LOOP.Variavel_Processo,%MR 809626.0,REAL,SINGLE_LOOP,0x000C5A9A 0 M,4,10,0,0,0,0,0,0
_SINGLE_LOOP.Variavel_Manipulada,%MR 809630.0,REAL,SINGLE_LOOP,0x000C5A9E 0 M,4,10,0,0,0,0,0,0
_SINGLE_LOOP.FIC001_MODE,%MX 809634.0,BOOL,SINGLE_LOOP,0x000C5AA2 1 M,1,1,0,0,0,0,0,0
_SINGLE_LOOP.VENTILADOR,%MX 809636.0,BOOL,SINGLE_LOOP,0x000C5AA4 1 M,1,1,0,0,0,0,0,0
_SINGLE_LOOP.Variavel_P,%MR 809638.0,REAL,SINGLE_LOOP,0x000C5AA6 0 M,4,10,0,0,0,0,0,0
_SINGLE_LOOP.Variavel_I,%MD 809642.0,TIME,SINGLE_LOOP,0x000C5AAA 0 M,4,12,0,0,0,0,0,0
_SINGLE_LOOP.Variavel_D,%MD 809646.0,TIME,SINGLE_LOOP,0x000C5AAE 0 M,4,12,0,0,0,0,0,0
_SINGLE_LOOP.FIC001.MODE,%MD 9050500.0,DWORD,NPAS_PID,0x008A1984 0 M,4,19,0,0,0,0,0,0
_SINGLE_LOOP.FIC001.ALRM,%MD 9050504.0,DWORD,NPAS_PID,0x008A1988 0 M,4,19,0,0,0,0,0,0
_SINGLE_LOOP.FIC001.AF,%MD 9050508.0,DWORD,NPAS_PID,0x008A198C 0 M,4,19,0,0,0,0,0,0
_SINGLE_LOOP.FIC001.AOFS,%MD 9050512.0,DWORD,NPAS_PID,0x008A1990 0 M,4,19,0,0,0,0,0,0
_SINGLE_LOOP.FIC001.AOF,%MX 9050516.0,BOOL,NPAS_PID,0x008A1994 1 M,1,1,0,0,0,0,0,0
_SINGLE_LOOP.FIC001.RAW,%MB 9050518.0,CData_REAL,NPAS_PID,0x008A1996 0 M,32,1067,0,0,0,0,0,0
_SINGLE_LOOP.FIC001.PV,%MB 9050550.0,CData_REAL,NPAS_PID,0x008A19B6 0 M,32,1067,0,0,0,0,0,0
_SINGLE_LOOP.FIC001.PVCAL,%MX 9050582.0,BOOL,NPAS_PID,0x008A19D6 1 M,1,1,0,0,0,0,0,0
_SINGLE_LOOP.FIC001.SUM,%MB 9050584.0,SD_NPSUM_DEF,NPAS_PID,0x008A19D8 0 M,24,1072,0,0,0,0,0,0
_SINGLE_LOOP.FIC001.SV,%MB 9050608.0,CData_REAL,NPAS_PID,0x008A19F0 0 M,32,1067,0,0,0,0,0,0
_SINGLE_LOOP.FIC001.CASV,%MB 9050640.0,CData_REAL,NPAS_PID,0x008A1A10 0 M,32,1067,0,0,0,0,0,0
_SINGLE_LOOP.FIC001.RCASV,%MB 9050672.0,CData_REAL,NPAS_PID,0x008A1A30 0 M,32,1067,0,0,0,0,0,0
_SINGLE_LOOP.FIC001.DV,%MB 9050704.0,CData_REAL,NPAS_PID,0x008A1A50 0 M,32,1067,0,0,0,0,0,0
_SINGLE_LOOP.FIC001.VN,%MB 9050736.0,CData_REAL,NPAS_PID,0x008A1A70 0 M,32,1067,0,0,0,0,0,0
_SINGLE_LOOP.FIC001.MV,%MB 9050768.0,CData_REAL,NPAS_PID,0x008A1A90 0 M,32,1067,0,0,0,0,0,0
_SINGLE_LOOP.FIC001.RMV,%MB 9050800.0,CData_REAL,NPAS_PID,0x008A1AB0 0 M,32,1067,0,0,0,0,0,0
_SINGLE_LOOP.FIC001.RLV1,%MB 9050832.0,CData_REAL,NPAS_PID,0x008A1AD0 0 M,32,1067,0,0,0,0,0,0
_SINGLE_LOOP.FIC001.RLV2,%MB 9050864.0,CData_REAL,NPAS_PID,0x008A1AF0 0 M,32,1067,0,0,0,0,0,0
_SINGLE_LOOP.FIC001.HH,%MR 9050896.0,REAL,NPAS_PID,0x008A1B10 0 M,4,10,0,0,0,0,0,0
_SINGLE_LOOP.FIC001.LL,%MR 9050900.0,REAL,NPAS_PID,0x008A1B14 0 M,4,10,0,0,0,0,0,0
_SINGLE_LOOP.FIC001.PH,%MR 9050904.0,REAL,NPAS_PID,0x008A1B18 0 M,4,10,0,0,0,0,0,0
_SINGLE_LOOP.FIC001.PL,%MR 9050908.0,REAL,NPAS_PID,0x008A1B1C 0 M,4,10,0,0,0,0,0,0
_SINGLE_LOOP.FIC001.VL,%MR 9050912.0,REAL,NPAS_PID,0x008A1B20 0 M,4,10,0,0,0,0,0,0
_SINGLE_LOOP.FIC001.PVP,%MR 9050916.0,REAL,NPAS_PID,0x008A1B24 0 M,4,10,0,0,0,0,0,0
_SINGLE_LOOP.FIC001.DL,%MR 9050920.0,REAL,NPAS_PID,0x008A1B28 0 M,4,10,0,0,0,0,0,0
_SINGLE_LOOP.FIC001.MH,%MR 9050924.0,REAL,NPAS_PID,0x008A1B2C 0 M,4,10,0,0,0,0,0,0
_SINGLE_LOOP.FIC001.ML,%MR 9050928.0,REAL,NPAS_PID,0x008A1B30 0 M,4,10,0,0,0,0,0,0
_SINGLE_LOOP.FIC001.P,%MR 9050932.0,REAL,NPAS_PID,0x008A1B34 0 M,4,10,0,0,0,0,0,0
_SINGLE_LOOP.FIC001.I,%MD 9050936.0,TIME,NPAS_PID,0x008A1B38 0 M,4,12,0,0,0,0,0,0
_SINGLE_LOOP.FIC001.D,%MD 9050940.0,TIME,NPAS_PID,0x008A1B3C 0 M,4,12,0,0,0,0,0,0
_SINGLE_LOOP.FIC001.GW,%MR 9050944.0,REAL,NPAS_PID,0x008A1B40 0 M,4,10,0,0,0,0,0,0
_SINGLE_LOOP.FIC001.DB,%MR 9050948.0,REAL,NPAS_PID,0x008A1B44 0 M,4,10,0,0,0,0,0,0
_SINGLE_LOOP.FIC001.VNGAIN,%MR 9050952.0,REAL,NPAS_PID,0x008A1B48 0 M,4,10,0,0,0,0,0,0
_SINGLE_LOOP.FIC001.VNBIAS,%MR 9050956.0,REAL,NPAS_PID,0x008A1B4C 0 M,4,10,0,0,0,0,0,0
_SINGLE_LOOP.FIC001.TSW,%MX 9050960.0,BOOL,NPAS_PID,0x008A1B50 1 M,1,1,0,0,0,0,0,0
_SINGLE_LOOP.FIC001.RSW,%MX 9050961.0,BOOL,NPAS_PID,0x008A1B51 1 M,1,1,0,0,0,0,0,0
_SINGLE_LOOP.FIC001.DMV,%MB 9050962.0,CData_REAL,NPAS_PID,0x008A1B52 0 M,32,1067,0,0,0,0,0,0
_SINGLE_LOOP.FIC001.DPV,%MB 9050994.0,CData_REAL,NPAS_PID,0x008A1B72 0 M,32,1067,0,0,0,0,0,0
_SINGLE_LOOP.FIC001.NPAS_PID,%MB 803478.0,SD_PPOU_TYPE,NPAS_PID,0x000C4296 0 M,3,1081,1,1,3,BYTE,1,17
_SINGLE_LOOP.FIC001._CTL_DIR_SW,%MX 9051034.0,BOOL,NPAS_PID,0x008A1B9A 1 M,1,1,0,0,0,0,0,0
_SINGLE_LOOP.FIC001._PVTRK_SW_MAN,%MX 9051035.0,BOOL,NPAS_PID,0x008A1B9B 1 M,1,1,0,0,0,0,0,0
_SINGLE_LOOP.FIC001._PVTRK_SW_AUTOP,%MX 9051036.0,BOOL,NPAS_PID,0x008A1B9C 1 M,1,1,0,0,0,0,0,0
_SINGLE_LOOP.FIC001._PVTRK_SW_CASOP,%MX 9051037.0,BOOL,NPAS_PID,0x008A1B9D 1 M,1,1,0,0,0,0,0,0
_SINGLE_LOOP.FIC001._HYS_ALRM_HHLL,%MR 9051038.0,REAL,NPAS_PID,0x008A1B9E 0 M,4,10,0,0,0,0,0,0
_SINGLE_LOOP.FIC001._HYS_ALRM_HILO,%MR 9051042.0,REAL,NPAS_PID,0x008A1BA2 0 M,4,10,0,0,0,0,0,0
_SINGLE_LOOP.FIC001._SMPL_NUM,%MW 9051046.0,INT,NPAS_PID,0x008A1BA6 0 M,2,3,0,0,0,0,0,0
_SINGLE_LOOP.FIC001._SMPL_INTVL,%MD 9051048.0,TIME,NPAS_PID,0x008A1BA8 0 M,4,12,0,0,0,0,0,0
_SINGLE_LOOP.FIC001._HYS_ALRM_VEL,%MR 9051052.0,REAL,NPAS_PID,0x008A1BAC 0 M,4,10,0,0,0,0,0,0
_SINGLE_LOOP.FIC001._DV_CHK_GAIN,%MR 9051056.0,REAL,NPAS_PID,0x008A1BB0 0 M,4,10,0,0,0,0,0,0
_SINGLE_LOOP.FIC001._DV_CHK_INTVL,%MD 9051060.0,TIME,NPAS_PID,0x008A1BB4 0 M,4,12,0,0,0,0,0,0
_SINGLE_LOOP.FIC001._HYS_ALRM_DV,%MR 9051064.0,REAL,NPAS_PID,0x008A1BB8 0 M,4,10,0,0,0,0,0,0
_SINGLE_LOOP.FIC001._HYS_ALRM_MHML,%MR 9051068.0,REAL,NPAS_PID,0x008A1BBC 0 M,4,10,0,0,0,0,0,0
_SINGLE_LOOP.FIC001._PID_ALGORITHM,%MW 9051072.0,INT,NPAS_PID,0x008A1BC0 0 M,2,3,0,0,0,0,0,0
_SINGLE_LOOP.FIC001._CTL_CYCLE,%MD 9051074.0,TIME,NPAS_PID,0x008A1BC2 0 M,4,12,0,0,0,0,0,0
_SINGLE_LOOP.FIC001._VN_ACT_SW,%MW 9051078.0,INT,NPAS_PID,0x008A1BC6 0 M,2,3,0,0,0,0,0,0
_SINGLE_LOOP.FIC001._GAP_ACT_SW,%MX 9051080.0,BOOL,NPAS_PID,0x008A1BC8 1 M,1,1,0,0,0,0,0,0
_SINGLE_LOOP.FIC001._GAP_GAIN,%MR 9051082.0,REAL,NPAS_PID,0x008A1BCA 0 M,4,10,0,0,0,0,0,0
_SINGLE_LOOP.FIC001._DB_ACT_SW,%MX 9051086.0,BOOL,NPAS_PID,0x008A1BCE 1 M,1,1,0,0,0,0,0,0
_SINGLE_LOOP.FIC001._HYS_CTL_DB,%MR 9051088.0,REAL,NPAS_PID,0x008A1BD0 0 M,4,10,0,0,0,0,0,0
_SINGLE_LOOP.FIC001._AUT_FLBK_SW,%MX 9051092.0,BOOL,NPAS_PID,0x008A1BD4 1 M,1,1,0,0,0,0,0,0
_SINGLE_LOOP.FIC001._MV_VEL_ACT_SW,%MX 9051093.0,BOOL,NPAS_PID,0x008A1BD5 1 M,1,1,0,0,0,0,0,0
_SINGLE_LOOP.FIC001._MV_VEL,%MR 9051094.0,REAL,NPAS_PID,0x008A1BD6 0 M,4,10,0,0,0,0,0,0
_SINGLE_LOOP.FIC001._CLP_ACT_SW,%MX 9051098.0,BOOL,NPAS_PID,0x008A1BDA 1 M,1,1,0,0,0,0,0,0
_SINGLE_LOOP.FIC001._HYS_CTL_CLP,%MR 9051100.0,REAL,NPAS_PID,0x008A1BDC 0 M,4,10,0,0,0,0,0,0
_SINGLE_LOOP.FIC001._CTL_VEL_SW,%MX 9051104.0,BOOL,NPAS_PID,0x008A1BE0 1 M,1,1,0,0,0,0,0,0
_SINGLE_LOOP.FIC001._SUM_SW,%MW 9051106.0,INT,NPAS_PID,0x008A1BE2 0 M,2,3,0,0,0,0,0,0
_SINGLE_LOOP.FIC001._SUM_LOW_CUT,%MR 9051108.0,REAL,NPAS_PID,0x008A1BE4 0 M,4,10,0,0,0,0,0,0
_SINGLE_LOOP.FIC001._SUM_PV_DP,%MW 9051112.0,INT,NPAS_PID,0x008A1BE8 0 M,2,3,0,0,0,0,0,0
_SINGLE_LOOP.FIC001._SUM_UNIT,%MB 9051114.0,STRING(8),NPAS_PID,0x008A1BEA 0 M,13,16,0,0,0,0,0,0
_SINGLE_LOOP.FIC001._MV_RANGE_HI,%MR 9051128.0,REAL,NPAS_PID,0x008A1BF8 0 M,4,10,0,0,0,0,0,0
_SINGLE_LOOP.FIC001._MV_RANGE_LO,%MR 9051132.0,REAL,NPAS_PID,0x008A1BFC 0 M,4,10,0,0,0,0,0,0
_SINGLE_LOOP.FIC001._MV_UNIT,%MB 9051136.0,STRING(8),NPAS_PID,0x008A1C00 0 M,13,16,0,0,0,0,0,0
_SINGLE_LOOP.FIC001.TRV,%MB 803482.0,CData_REAL,NPAS_PID,0x000C429A 0 M,32,1067,0,0,0,0,0,0
_SINGLE_LOOP.FIC001.ILCKSW,%MX 803514.0,BOOL,NPAS_PID,0x000C42BA 1 M,1,1,0,0,0,0,0,0
_SINGLE_LOOP.FIC001.COMMENT,%MB 9051150.0,STRING(32),NPAS_PID,0x008A1C0E 0 M,37,16,0,0,0,0,0,0
